Price,Open,High,Low,Close,Volume
Ticker,BRK-B,BRK-B,BRK-B,BRK-B,BRK-B
Date,,,,,
2024-01-02,356.3,362.6,355.9,362.5,4737000
2024-01-03,362.1,367.9,361.1,366.8,4321800
2024-01-04,367.4,369.4,363.4,363.7,4142800
2024-01-05,364.8,366.3,364.2,365.6,2965200
2024-01-08,366.0,368.3,364.2,368.2,3445700
2024-01-09,368.0,368.0,364.8,366.9,2998800
2024-01-10,366.3,368.8,365.8,367.9,2448100
2024-01-11,367.8,367.9,362.1,363.3,3577800
2024-01-12,366.5,366.9,362.6,363.6,2623100
2024-01-16,362.9,363.6,359.9,361.1,3046500
2024-01-17,359.0,362.5,358.0,359.3,2550300
2024-01-18,359.2,362.6,358.3,362.4,3007800
2024-01-19,362.2,368.3,361.0,367.0,4063700
2024-01-22,368.0,369.3,366.5,368.1,3552500
2024-01-23,368.0,372.4,367.7,372.1,2896300
2024-01-24,372.5,377.8,372.0,376.6,4589300
2024-01-25,379.2,381.0,377.9,380.9,4055800
2024-01-26,381.0,385.7,380.0,385.4,3621400
2024-01-29,385.5,385.7,379.2,383.2,3797400
2024-01-30,383.2,387.6,380.1,387.1,3090900
2024-01-31,386.5,387.9,383.5,383.7,3856400
2024-02-01,384.0,386.5,381.5,386.4,2947100
2024-02-02,386.7,392.1,386.4,390.8,3806800
2024-02-05,390.0,393.4,389.3,390.8,3651900
2024-02-06,390.3,393.9,390.0,393.7,2573400
2024-02-07,394.6,399.1,394.4,397.7,3426800
2024-02-08,397.2,398.6,394.9,397.5,3357700
2024-02-09,397.3,398.4,395.8,398.4,2509800
2024-02-12,398.6,399.5,396.2,397.7,2817900
2024-02-13,397.2,399.7,392.1,394.8,3458500
2024-02-14,395.1,398.9,393.5,398.7,2669200
2024-02-15,399.1,404.3,398.3,403.5,3076000
2024-02-16,404.4,406.7,402.6,406.0,3532200
2024-02-20,406.5,411.1,406.1,407.1,3530700
2024-02-21,408.3,409.5,406.7,409.2,2717600
2024-02-22,411.3,416.3,411.0,415.2,3687600
2024-02-23,417.7,420.6,416.5,417.2,4015600
2024-02-26,422.0,430.0,408.9,409.1,7432300
2024-02-27,409.2,410.0,401.7,408.9,4609100
2024-02-28,408.5,414.7,407.7,412.1,4067400
2024-02-29,413.1,413.8,408.4,409.4,4845200
2024-03-01,409.5,410.4,405.5,407.1,3282100
2024-03-04,405.0,406.0,401.4,403.4,4179400
2024-03-05,402.5,403.3,398.8,400.7,4711700
2024-03-06,402.2,407.4,401.7,404.0,3839100
2024-03-07,406.1,406.4,399.6,402.4,4181300
2024-03-08,401.1,403.4,400.0,403.1,3410600
2024-03-11,403.3,405.0,402.7,404.8,2431700
2024-03-12,406.8,407.2,404.1,405.0,2616700
2024-03-13,405.3,409.0,404.1,408.1,3584600
2024-03-14,409.1,409.1,403.3,406.7,3734700
2024-03-15,404.3,408.5,402.5,408.1,7548800
2024-03-18,408.7,410.6,406.0,408.4,3775700
2024-03-19,409.1,412.2,408.1,411.8,2795800
2024-03-20,412.0,416.3,411.5,416.1,2932900
2024-03-21,416.7,417.8,413.5,413.8,3401600
2024-03-22,413.0,414.4,411.4,411.6,2999600
2024-03-25,410.7,411.1,408.9,409.9,2804200
2024-03-26,410.0,412.7,408.6,411.6,2935100
2024-03-27,413.6,417.2,413.4,416.9,2926000
2024-03-28,417.8,421.4,415.9,420.5,4377400
2024-04-01,421.5,421.7,417.8,420.2,2716100
2024-04-02,419.8,421.0,418.1,418.9,3174900
2024-04-03,419.0,421.9,418.5,420.2,2740800
2024-04-04,423.8,424.5,414.5,415.3,3800600
2024-04-05,416.6,419.3,415.4,418.6,2738300
2024-04-08,418.3,418.6,415.6,416.0,2485700
2024-04-09,416.6,417.3,412.1,414.7,2233100
2024-04-10,412.7,413.6,407.5,409.1,3121300
2024-04-11,408.4,411.1,404.0,407.6,2889900
2024-04-12,405.0,407.2,401.4,403.3,3467300
2024-04-15,407.0,409.1,399.9,400.3,3002300
2024-04-16,401.0,401.2,396.5,396.9,3435500
2024-04-17,398.9,399.3,395.7,397.7,2465600
2024-04-18,399.7,403.0,399.1,399.9,2669500
2024-04-19,401.0,405.6,400.2,405.1,3996100
2024-04-22,406.8,411.4,406.2,408.8,2980600
2024-04-23,410.2,410.7,405.6,408.7,2287600
2024-04-24,407.1,407.6,403.9,406.0,2506900
2024-04-25,404.9,406.1,400.4,404.9,2670200
2024-04-26,403.9,404.8,401.4,402.1,3023100
2024-04-29,402.7,404.9,400.1,401.0,2363600
2024-04-30,400.6,400.6,396.4,396.7,3070500
2024-05-01,396.6,402.3,396.4,398.6,2605000
2024-05-02,401.0,401.6,397.9,400.6,2672200
2024-05-03,404.5,404.5,399.2,400.9,4119100
2024-05-06,404.0,405.1,399.3,404.9,3918900
2024-05-07,406.9,407.3,403.6,406.1,3084200
2024-05-08,406.5,407.2,403.8,406.4,2398100
2024-05-09,406.2,408.9,405.5,408.8,2356600
2024-05-10,409.9,412.4,409.2,412.0,3084500
2024-05-13,414.1,414.3,410.2,411.2,2710300
2024-05-14,410.5,411.6,408.2,410.2,2672400
2024-05-15,410.5,413.4,410.1,412.8,2854600
2024-05-16,413.8,416.3,412.9,413.1,3549700
2024-05-17,414.0,417.3,413.7,416.9,2988700
2024-05-20,417.0,417.3,412.6,413.0,3287900
2024-05-21,413.6,415.7,412.6,414.4,2731900
2024-05-22,415.0,417.3,413.0,414.0,2664400
2024-05-23,413.2,413.2,404.9,405.9,3392300
2024-05-24,406.9,408.0,405.5,407.4,2067700
2024-05-28,408.2,408.2,401.9,403.9,3315400
2024-05-29,403.0,405.9,401.6,404.1,3426800
2024-05-30,403.8,409.0,402.8,408.6,2905300
2024-05-31,408.1,415.4,406.9,414.4,5190000
2024-06-03,414.9,416.7,408.8,414.8,4903000
2024-06-04,414.9,415.9,406.4,409.5,4154800
2024-06-05,410.1,410.3,405.8,409.9,2634400
2024-06-06,410.4,411.2,407.4,411.1,3438900
2024-06-07,411.3,415.9,409.9,413.7,2942100
2024-06-10,413.3,413.9,409.3,410.8,2667300
2024-06-11,408.9,408.9,406.1,408.5,3605900
2024-06-12,411.1,411.9,407.2,408.8,3551900
2024-06-13,407.6,408.0,403.6,405.9,4563300
2024-06-14,404.9,406.3,403.3,405.5,2768600
2024-06-17,405.2,407.8,403.5,407.3,3406500
2024-06-18,406.8,408.5,405.3,408.0,4005300
2024-06-20,407.2,411.0,404.0,409.1,4844700
2024-06-21,409.8,410.5,407.7,409.6,9009400
2024-06-24,410.7,417.0,410.0,414.0,4933300
2024-06-25,414.0,414.2,409.6,411.0,3879800
2024-06-26,410.0,410.7,407.2,410.3,3334300
2024-06-27,410.3,410.3,406.3,408.0,3218600
2024-06-28,408.2,410.0,405.8,406.8,6819800
2024-07-01,408.1,409.7,403.8,405.2,2974100
2024-07-02,404.0,407.4,403.9,407.1,3220900
2024-07-03,407.2,407.2,404.2,405.8,1970300
2024-07-05,406.2,411.4,405.0,411.2,5149200
2024-07-08,411.3,413.8,408.0,409.1,3559500
2024-07-09,409.4,413.7,408.6,410.5,2989700
2024-07-10,410.8,414.0,409.4,413.8,3791800
2024-07-11,414.0,419.2,412.0,418.8,4065200
2024-07-12,420.2,427.5,419.7,424.4,4834600
2024-07-15,425.6,434.7,425.3,434.4,4594900
2024-07-16,437.4,439.0,434.0,438.9,4293700
2024-07-17,437.9,446.1,437.8,445.6,4776600
2024-07-18,445.6,449.2,439.6,441.8,4638300
2024-07-19,442.7,442.8,433.4,434.5,4158800
2024-07-22,435.0,438.1,432.1,436.0,2995700
2024-07-23,437.3,437.9,433.5,434.0,2393000
2024-07-24,434.0,435.4,430.7,432.8,3143700
2024-07-25,431.6,439.6,431.6,433.3,3334300
2024-07-26,435.7,439.0,434.1,437.7,2717600
2024-07-29,438.0,439.4,435.5,438.3,2620000
2024-07-30,439.5,443.9,439.1,441.3,3736400
2024-07-31,439.9,440.9,437.7,438.5,3798800
2024-08-01,439.7,440.6,431.0,431.8,3892300
2024-08-02,429.8,436.2,423.5,428.4,4251500
2024-08-05,413.4,417.8,406.1,413.7,7695100
2024-08-06,416.4,427.5,415.1,422.1,5138700
2024-08-07,426.1,433.2,425.6,427.0,4745600
2024-08-08,429.2,432.3,427.6,431.5,3150000
2024-08-09,431.9,434.8,430.2,431.7,2602600
2024-08-12,434.2,434.2,429.0,430.4,2376000
2024-08-13,431.8,432.8,425.9,432.4,3472000
2024-08-14,433.0,439.0,431.7,438.5,2860200
2024-08-15,441.8,442.6,438.7,440.8,3226400
2024-08-16,441.5,445.2,440.5,444.5,3345000
2024-08-19,446.0,450.5,445.7,448.8,3385300
2024-08-20,449.3,450.5,446.4,448.4,2906500
2024-08-21,449.8,451.3,443.8,446.6,3028500
2024-08-22,446.3,449.6,444.6,449.0,3502800
2024-08-23,450.0,453.7,448.8,453.4,2805400
2024-08-26,455.3,459.3,453.3,454.5,3575800
2024-08-27,455.9,462.1,454.6,460.6,3764700
2024-08-28,461.2,466.6,460.8,464.6,4838100
2024-08-29,467.1,469.9,463.0,468.4,4459400
2024-08-30,470.5,477.0,470.0,475.9,7465800
2024-09-03,475.0,482.9,473.7,476.8,7511900
2024-09-04,478.7,484.8,474.2,478.6,5309400
2024-09-05,479.4,479.4,462.9,464.9,6213200
2024-09-06,463.8,468.2,458.5,459.4,4400300
2024-09-09,464.0,466.0,459.3,459.6,4571000
2024-09-10,461.8,464.3,456.2,458.9,3544100
2024-09-11,457.6,457.6,445.2,453.1,5772700
2024-09-12,454.8,455.0,449.3,450.9,3848700
2024-09-13,451.6,452.4,447.2,447.6,3882600
2024-09-16,448.8,453.0,448.3,451.8,3264400
2024-09-17,453.5,461.1,453.3,456.7,3824300
2024-09-18,458.1,459.8,454.9,456.6,3065200
2024-09-19,462.0,462.2,457.2,459.7,3891300
2024-09-20,457.8,458.0,454.0,455.3,8468800
2024-09-23,457.3,459.6,453.4,455.0,3485100
2024-09-24,454.3,455.6,451.8,454.6,3009900
2024-09-25,454.9,455.8,451.2,452.4,2843300
2024-09-26,452.7,457.0,451.3,454.2,3262000
2024-09-27,456.0,458.3,455.0,457.5,2728000
2024-09-30,458.4,460.6,454.5,460.3,3631100
2024-10-01,459.1,459.8,454.8,457.4,3043700
2024-10-02,458.7,458.7,454.2,456.7,2803400
2024-10-03,455.5,456.0,450.9,453.0,2564700
2024-10-04,455.0,462.2,453.8,462.0,3090200
2024-10-07,462.3,462.3,452.4,453.5,3222100
2024-10-08,456.0,457.6,452.9,453.8,2234100
2024-10-09,452.8,457.9,452.4,455.9,2206100
2024-10-10,457.5,457.5,452.7,454.9,2375800
2024-10-11,455.9,463.5,455.9,460.2,3242000
2024-10-14,461.9,462.0,458.1,460.0,2969800
2024-10-15,461.0,466.7,460.5,462.7,3929900
2024-10-16,463.2,466.0,462.2,465.7,3166300
2024-10-17,466.1,467.8,464.3,465.9,2520900
2024-10-18,467.0,467.0,463.2,464.8,5635500
2024-10-21,464.5,465.8,461.7,464.2,3131500
2024-10-22,464.1,465.1,457.6,461.5,3315200
2024-10-23,460.1,463.3,458.8,460.6,3655200
2024-10-24,460.9,461.0,454.0,457.8,3793500
2024-10-25,458.6,459.5,453.0,454.0,2838900
2024-10-28,455.6,459.2,455.0,458.5,4103400
2024-10-29,458.6,458.9,454.4,454.6,3985200
2024-10-30,454.7,457.7,453.8,455.0,2692100
2024-10-31,455.2,456.8,450.6,450.9,3660300
2024-11-01,451.5,455.1,450.7,452.1,2971300
2024-11-04,450.4,450.7,437.9,442.3,5733200
2024-11-05,442.3,445.2,441.1,445.1,3154400
2024-11-06,461.0,469.3,459.5,468.9,6906800
2024-11-07,468.3,468.5,460.1,460.1,4238000
2024-11-08,462.0,466.4,459.5,463.4,3541300
2024-11-11,466.0,470.5,464.0,467.4,4119100
2024-11-12,467.7,468.4,465.1,466.3,4400500
2024-11-13,466.4,468.4,464.0,468.1,2861700
2024-11-14,468.8,469.5,466.0,467.7,3777300
2024-11-15,466.7,472.3,465.2,470.3,5817700
2024-11-18,471.0,472.7,468.4,472.2,3357100
2024-11-19,470.8,470.8,465.0,468.9,3656200
2024-11-20,470.0,470.6,466.1,468.8,3019500
2024-11-21,469.5,474.7,467.0,472.1,4116800
2024-11-22,472.3,477.4,471.6,476.6,3885200
2024-11-25,479.1,482.5,476.8,477.4,5246600
2024-11-26,478.2,479.4,472.9,478.6,3332000
2024-11-27,481.0,491.7,480.9,483.1,5359300
2024-11-29,485.4,486.0,482.0,483.0,2969700
2024-12-02,484.8,485.1,474.8,477.3,5031500
2024-12-03,478.2,478.3,468.8,470.2,4931600
2024-12-04,471.1,471.3,466.5,468.3,3941100
2024-12-05,468.8,472.7,468.7,470.6,3320200
2024-12-06,470.6,472.1,467.8,470.5,3270900
2024-12-09,470.6,471.7,463.4,463.9,3748200
2024-12-10,464.4,465.0,459.5,462.5,3648500
2024-12-11,463.3,465.5,458.8,461.4,3876900
2024-12-12,462.2,463.6,458.1,458.6,2571300
2024-12-13,460.5,460.5,457.0,457.9,3474300
2024-12-16,459.2,460.4,454.6,455.2,4514000
2024-12-17,454.7,456.6,452.1,455.7,5057500
2024-12-18,457.1,458.7,446.1,446.6,4361900
2024-12-19,451.7,453.8,448.9,449.3,4645200
2024-12-20,449.1,458.6,447.2,453.2,12943900
2024-12-23,453.2,454.5,449.8,454.4,3836000
2024-12-24,455.4,459.0,454.1,458.7,1761200
2024-12-26,457.3,459.5,455.8,459.1,2159600
2024-12-27,457.3,461.1,454.5,456.5,3237700
2024-12-30,454.2,454.7,449.2,452.2,2831400
2024-12-31,452.2,454.3,451.1,453.3,3380700
2025-01-02,456.0,456.9,450.0,451.1,3746400
2025-01-03,452.5,454.5,450.1,453.6,2884600
2025-01-06,453.9,456.2,450.6,451.4,4072900
2025-01-07,452.8,456.5,451.1,452.9,3507200
2025-01-08,453.6,454.0,449.6,451.8,3933300
2025-01-10,452.7,453.0,440.1,442.7,5471900
2025-01-13,442.0,445.0,441.1,443.9,3639200
2025-01-14,445.5,450.3,443.9,450.0,4055600
2025-01-15,455.5,459.1,453.3,458.5,4719400
2025-01-16,458.9,463.0,458.3,462.8,3475700
2025-01-17,464.7,470.2,462.5,468.0,6467000
2025-01-21,471.0,473.2,467.7,468.6,4910200
2025-01-22,468.6,468.9,455.3,460.5,5838500
2025-01-23,461.7,464.8,458.0,459.8,4424500
2025-01-24,459.2,463.8,457.1,463.2,3070300
2025-01-27,464.3,474.9,464.3,474.7,4535600
2025-01-28,473.9,473.9,469.3,470.0,3261300
2025-01-29,469.9,473.9,468.0,469.3,2524200
2025-01-30,472.2,474.1,469.1,472.4,2552200
2025-01-31,471.8,472.5,467.0,468.7,5439800
2025-02-03,461.3,466.7,454.6,464.6,4232000
2025-02-04,464.9,467.9,462.7,467.5,3238400
2025-02-05,469.8,474.2,468.9,473.7,3782800
2025-02-06,475.5,478.0,473.3,477.2,3832700
2025-02-07,477.4,478.2,472.3,472.7,3205100
2025-02-10,474.0,474.2,469.4,470.2,2907300
2025-02-11,470.0,473.0,466.7,472.6,2322600
2025-02-12,470.4,472.1,468.1,471.7,3297600
2025-02-13,471.5,481.2,471.2,480.5,3274700
2025-02-14,481.5,484.5,479.5,479.6,2825800
2025-02-18,480.4,484.1,477.6,482.8,3351000
2025-02-19,482.8,484.7,480.7,483.8,2436500
2025-02-20,484.1,484.2,478.1,481.8,2651000
2025-02-21,481.0,483.6,477.7,478.7,4085100
2025-02-24,483.5,504.0,483.2,498.4,9862400
2025-02-25,503.1,507.0,491.9,499.8,6757500
2025-02-26,499.1,499.9,493.0,494.1,3543500
2025-02-27,496.5,505.0,495.6,502.4,4507700
2025-02-28,507.5,515.4,504.3,513.8,6850300
2025-03-03,516.2,518.8,506.5,510.1,5112300
2025-03-04,507.3,508.7,493.6,495.9,6126600
2025-03-05,496.0,500.9,492.3,498.5,4715800
2025-03-06,496.8,499.1,491.6,497.8,3989700
2025-03-07,496.3,498.3,490.1,495.6,3842200
2025-03-10,490.0,500.5,490.0,497.1,6262000
2025-03-11,496.0,499.1,491.3,496.2,5358300
2025-03-12,497.6,498.3,488.8,495.9,3871100
2025-03-13,496.5,507.4,494.8,504.2,5104200
2025-03-14,507.0,515.8,502.9,514.6,5775600
2025-03-17,514.6,524.7,513.2,523.0,5343400
2025-03-18,525.5,528.4,521.4,523.1,4857800
2025-03-19,525.7,526.7,520.7,525.3,3798000
2025-03-20,524.0,530.6,522.7,528.7,4065400
2025-03-21,528.3,529.0,520.7,521.9,8546300
2025-03-24,523.1,527.3,521.5,525.8,4858900
2025-03-25,527.2,533.3,525.9,528.9,3964800
2025-03-26,531.0,537.6,531.0,533.2,5004400
2025-03-27,533.2,537.4,529.3,534.5,5154600
2025-03-28,535.3,536.0,524.7,526.3,5321400
2025-03-31,521.4,536.5,519.0,532.6,7139300
2025-04-01,531.9,536.4,527.5,533.0,4130600
2025-04-02,532.1,539.0,530.8,537.7,4079000
2025-04-03,527.6,538.8,525.1,530.2,6410900
2025-04-04,519.0,521.0,493.0,493.5,12605000
2025-04-07,467.4,505.9,462.1,490.4,12749700
2025-04-08,509.0,516.0,484.2,492.6,9470100
2025-04-09,490.0,523.9,485.6,521.4,10153700
2025-04-10,518.3,521.4,498.6,515.8,7475900
2025-04-11,515.0,526.6,510.8,524.1,6231000
2025-04-14,531.0,536.5,527.0,529.5,5512100
2025-04-15,532.6,535.9,527.4,528.2,4329200
2025-04-16,529.3,530.1,512.9,516.5,5889300
2025-04-17,518.9,523.9,514.6,518.2,5322200
2025-04-21,517.5,518.7,498.1,506.9,4908400
2025-04-22,514.2,522.2,511.6,520.8,4768500
2025-04-23,527.5,532.3,523.9,526.8,4294500
2025-04-24,526.8,533.1,523.2,531.6,3173400
2025-04-25,531.8,532.4,526.8,531.0,2742800
2025-04-28,533.6,536.8,526.6,530.9,4238700
2025-04-29,531.0,535.3,528.3,534.6,3177700
2025-04-30,531.5,535.7,524.0,533.2,5251600
2025-05-01,531.0,533.3,528.3,530.2,4693100
2025-05-02,536.8,542.1,535.3,539.8,4945600
2025-05-05,520.1,521.2,502.8,512.2,16380200
2025-05-06,509.6,515.8,508.0,512.3,6088600
2025-05-07,515.0,520.2,513.0,518.2,5573800
2025-05-08,521.0,521.3,513.0,513.2,5018600
2025-05-09,514.2,515.9,510.2,513.7,3621400
2025-05-12,520.3,520.3,510.2,514.3,6368000
2025-05-13,515.6,515.8,511.8,511.9,4504100
2025-05-14,511.9,511.9,502.8,503.4,6384100
2025-05-15,502.4,509.8,501.6,507.3,5040900
2025-05-16,509.6,514.3,506.8,514.3,4997300
2025-05-19,513.6,513.8,510.1,512.4,3441500
2025-05-20,511.1,512.1,506.5,508.7,3737000
2025-05-21,507.4,510.0,505.4,507.0,3815800
2025-05-22,505.1,507.4,502.6,503.6,3244800
2025-05-23,501.0,505.5,500.2,503.5,3166800
2025-05-27,506.4,509.8,505.0,509.2,4928300
2025-05-28,508.4,509.1,502.8,503.1,3613900
2025-05-29,504.0,506.5,501.2,506.2,3656000
2025-05-30,505.2,505.7,500.2,504.0,9153100
2025-06-02,501.7,503.2,499.5,502.8,4914000
2025-06-03,501.0,502.8,493.5,497.8,5923100
2025-06-04,496.9,497.0,490.9,491.0,5297600
2025-06-05,490.8,491.0,485.6,488.7,5154900
2025-06-06,491.6,496.1,491.6,493.5,3948300
2025-06-09,493.7,494.5,488.9,493.3,3987500
2025-06-10,492.7,492.9,489.5,491.1,3951500
2025-06-11,491.0,492.2,486.7,488.1,4595900
2025-06-12,486.2,490.4,483.8,490.3,3535200
2025-06-13,486.3,491.1,485.9,487.5,4001000
2025-06-16,489.7,491.9,488.5,490.2,3937600
2025-06-17,489.1,489.4,483.2,483.5,3956300
2025-06-18,484.1,486.7,482.8,485.1,4893600
2025-06-20,485.0,486.7,483.4,484.9,7620400
2025-06-23,485.4,488.5,481.7,487.8,4141000
2025-06-24,489.4,497.7,488.9,493.5,5111700
2025-06-25,494.5,496.0,486.1,486.2,4260600
2025-06-26,486.5,488.0,484.2,485.0,4212900
2025-06-27,485.8,489.7,484.4,485.7,6129300
2025-06-30,485.9,487.6,483.4,485.8,6384300
2025-07-01,485.8,491.1,483.8,489.6,4776000
2025-07-02,489.4,489.9,478.6,480.5,6707200
2025-07-03,480.9,486.5,480.4,485.0,3443300
2025-07-07,484.4,486.1,476.8,478.0,4674400
2025-07-08,477.4,480.0,473.6,477.5,4116200
2025-07-09,477.0,479.5,475.8,478.9,3367400
2025-07-10,477.9,478.5,475.5,478.3,4573300
2025-07-11,476.2,476.9,471.4,475.9,4416600
2025-07-14,474.3,478.1,473.5,476.3,4294700
2025-07-15,475.3,475.7,470.0,470.1,4482300
2025-07-16,471.2,472.9,468.9,471.3,3796900
2025-07-17,470.1,474.1,467.6,473.4,4040000
2025-07-18,474.0,478.6,473.5,473.8,4015800
2025-07-21,473.0,478.4,472.0,474.4,3791300
2025-07-22,475.5,483.1,475.0,478.1,4521500
2025-07-23,480.2,484.5,479.2,482.6,4385600
2025-07-24,482.7,486.2,480.6,480.6,5044800
2025-07-25,481.7,484.9,479.7,484.1,4220500
2025-07-28,484.4,486.9,481.1,481.7,3626100
2025-07-29,482.6,485.0,476.3,476.6,4193200
2025-07-30,475.1,479.4,473.9,476.0,3803000
2025-07-31,472.6,477.7,471.9,471.9,6315300
2025-08-01,473.5,476.0,470.6,472.8,5287500
2025-08-04,468.0,468.9,455.2,459.1,10874300
2025-08-05,460.6,467.6,460.4,464.2,6780700
2025-08-06,465.0,469.5,463.0,468.9,4557100
2025-08-07,469.2,472.7,461.4,461.5,5755700
2025-08-08,462.9,465.8,462.5,465.4,3330600
2025-08-11,466.5,468.5,463.5,464.7,3712100
2025-08-12,465.5,472.5,465.1,470.4,3767300
2025-08-13,471.7,479.6,471.5,477.3,4629400
2025-08-14,478.4,479.2,474.4,479.2,4187100
2025-08-15,482.4,482.5,476.3,477.2,5229800
2025-08-18,478.0,479.0,474.7,478.5,3911300
2025-08-19,479.8,485.9,479.8,485.3,4726400
2025-08-20,487.0,492.2,485.8,488.7,4779800
2025-08-21,487.2,489.0,483.7,488.6,3082200
2025-08-22,491.5,493.1,486.6,489.0,4205100
2025-08-25,489.0,489.0,481.8,486.2,3935100
2025-08-26,485.0,492.8,484.5,492.2,8217500
2025-08-27,491.1,497.2,490.6,495.7,4385900
2025-08-28,498.0,500.1,496.1,499.9,4530400
2025-08-29,500.9,506.7,500.9,503.0,4663600
2025-09-02,504.2,505.9,497.6,501.1,4977800
2025-09-03,499.5,502.1,496.6,501.5,3206200
2025-09-04,502.9,507.4,501.3,506.9,2976700
2025-09-05,506.0,507.7,497.8,499.8,4222900
2025-09-08,499.0,499.6,493.5,493.8,5146300
2025-09-09,492.5,496.9,491.7,492.7,3748700
2025-09-10,490.0,491.7,486.3,490.1,5561600
2025-09-11,489.3,497.2,489.0,496.9,3669000
2025-09-12,495.8,497.6,493.3,493.7,2951700
2025-09-15,493.6,495.3,489.5,491.5,3629800
2025-09-16,491.3,491.9,487.2,491.0,4070000
2025-09-17,490.9,496.0,490.3,492.3,5060700
2025-09-18,489.6,494.9,488.0,490.5,4058900
2025-09-19,491.9,494.5,488.9,492.9,7356300
2025-09-22,490.6,494.7,489.2,493.7,3582900
2025-09-23,493.8,499.3,493.5,494.1,3933200
2025-09-24,493.3,497.2,493.1,497.1,2811500
2025-09-25,496.1,499.0,494.7,495.0,4056100
2025-09-26,496.9,502.1,496.6,500.0,3707600
2025-09-29,500.0,500.2,495.0,499.2,5161900
2025-09-30,497.6,503.8,497.0,502.7,3873500
2025-10-01,502.5,502.9,495.9,498.2,4481100
2025-10-02,497.0,499.6,493.2,495.9,3461400
2025-10-03,495.9,502.5,495.0,498.8,4678800
2025-10-06,499.5,505.0,498.0,500.0,3519500
2025-10-07,500.2,504.5,498.6,502.3,3057400
2025-10-08,502.7,503.5,498.6,499.8,2944600
2025-10-09,500.0,501.2,494.5,496.7,3172200
2025-10-10,497.2,498.0,489.1,489.1,4763800
2025-10-13,488.1,493.8,487.8,491.9,3183500
2025-10-14,490.0,497.1,490.0,496.0,3056000
2025-10-15,493.9,496.7,490.4,496.4,3566200
2025-10-16,495.6,496.0,485.8,488.8,4254300
2025-10-17,490.0,493.5,489.2,492.4,3794300
2025-10-20,492.4,494.4,490.3,494.1,4605300
2025-10-21,493.7,495.7,491.2,491.3,2714500
2025-10-22,491.7,493.0,488.2,491.8,3376000
2025-10-23,492.2,492.5,488.1,490.2,3063000
2025-10-24,490.9,493.0,489.4,492.1,3166800
2025-10-27,491.9,492.3,484.5,488.1,6451500
2025-10-28,485.0,485.7,481.1,481.4,5029100
2025-10-29,477.3,478.8,473.7,475.8,6204500
2025-10-30,474.8,480.9,474.8,478.5,4786600
2025-10-31,476.8,478.7,475.3,477.5,7146400
2025-11-03,479.5,480.0,473.1,475.7,5868100
2025-11-04,475.5,488.8,475.5,487.7,7803200
2025-11-05,487.3,493.9,487.3,488.8,6551200
2025-11-06,490.0,494.0,486.8,493.1,4964700
2025-11-07,494.9,500.2,493.4,499.1,6377800
2025-11-10,497.1,501.3,495.1,497.0,5084000
2025-11-11,498.6,499.7,494.2,497.1,2960200
2025-11-12,497.2,504.5,497.0,502.4,5456000
2025-11-13,504.8,514.3,504.8,513.1,7340700
2025-11-14,514.7,516.5,506.4,508.9,5462500
2025-11-17,510.7,511.3,502.8,503.3,5371000
2025-11-18,503.4,506.6,500.6,504.4,5457400
2025-11-19,503.7,504.2,495.5,501.3,4695000
2025-11-20,501.1,506.5,500.8,501.1,5486900
2025-11-21,503.3,507.8,502.5,504.0,6059000
2025-11-24,501.9,509.2,497.2,507.8,13404500
2025-11-25,508.9,512.4,506.9,508.6,4064000
2025-11-26,509.2,512.7,507.6,511.2,3686700
2025-11-28,511.9,516.8,511.6,513.8,2312200
2025-12-01,513.7,514.5,508.2,508.5,3995200
2025-12-02,507.6,508.1,503.1,506.6,3378000
2025-12-03,507.5,509.6,503.6,503.6,3803200
2025-12-04,504.4,506.5,500.7,503.2,3574800
2025-12-05,503.9,505.8,500.5,504.3,3463700
2025-12-08,502.1,503.0,490.6,497.2,7032200
2025-12-09,497.6,499.2,490.8,491.4,4574000
2025-12-10,490.9,495.9,488.9,490.4,4558800
2025-12-11,491.8,498.1,491.8,495.9,4493400
2025-12-12,496.7,500.0,494.5,499.5,4113700
2025-12-15,500.4,506.6,500.3,506.4,5173900
2025-12-16,507.0,508.1,499.5,499.8,4376700
2025-12-17,499.9,505.2,499.5,504.3,4128600
2025-12-18,502.2,505.4,501.0,503.4,3646700
2025-12-19,503.0,503.8,494.5,494.5,14652800
2025-12-22,496.3,500.3,495.5,500.0,4070000
2025-12-23,500.5,502.3,498.2,500.5,3680800
2025-12-24,500.3,501.5,499.2,501.3,2000200
2025-12-26,500.5,501.6,496.8,498.3,2247600
2025-12-29,499.2,501.5,497.2,501.0,3056200
2025-12-30,501.0,505.1,500.3,503.7,2897100
2025-12-31,503.9,505.9,502.5,502.6,3105200
2026-01-02,501.0,501.9,492.9,496.9,5876600
2026-01-05,494.9,503.4,494.5,498.5,5145300
2026-01-06,496.8,500.7,496.1,499.0,4040000
2026-01-07,497.9,499.1,493.1,496.1,4445100
2026-01-08,495.0,504.1,494.1,499.8,4807700
2026-01-09,498.9,500.3,496.4,499.1,3432100
2026-01-12,497.4,500.0,495.1,498.7,4209300
2026-01-13,497.6,498.0,493.3,495.2,4257600
2026-01-14,494.2,497.6,492.0,493.1,5033700
2026-01-15,493.0,495.6,490.8,492.6,4165200
2026-01-16,491.7,495.2,490.9,493.3,4807400
2026-01-20,490.8,491.0,482.7,485.4,5521500
2026-01-21,484.0,488.0,481.6,483.8,5730200
2026-01-22,483.3,485.9,481.7,484.5,4054200
2026-01-23,482.3,483.4,478.4,479.0,5436600
2026-01-26,478.5,484.9,477.1,483.5,5077200
2026-01-27,482.6,483.5,474.7,474.7,6314500
2026-01-28,473.0,476.9,471.9,473.5,4563900
2026-01-29,473.7,477.3,473.1,476.8,5380500
2026-01-30,476.3,481.5,476.1,480.5,5082200
2026-02-02,481.3,488.1,478.5,487.3,5064600
2026-02-03,484.0,496.0,482.2,493.7,6641200
2026-02-04,495.8,512.1,495.7,503.8,10591700
2026-02-05,505.9,506.6,497.6,503.9,5033900
2026-02-06,504.2,509.7,502.9,508.1,4421600
2026-02-09,507.3,507.6,497.3,498.1,4573000
2026-02-10,497.9,501.3,497.3,500.3,3789100
2026-02-11,499.4,503.3,497.3,500.0,3614400
2026-02-12,501.2,507.7,499.9,500.0,4689900
2026-02-13,500.1,502.4,495.5,497.5,4685900
2026-02-17,500.0,506.1,499.2,503.4,4263300
2026-02-18,504.7,505.3,497.7,499.1,3732500
2026-02-19,497.9,500.5,495.7,496.9,2610400
2026-02-20,496.6,498.3,491.8,498.2,4326700
2026-02-23,496.5,503.5,493.7,494.1,3556500
2026-02-24,493.5,495.2,488.3,494.5,3224300
2026-02-25,495.6,497.2,490.9,494.0,3475500
2026-02-26,494.6,503.7,494.5,502.7,4577000
2026-02-27,502.9,506.5,501.2,505.0,6364900
2026-03-02,495.2,495.8,477.9,480.2,11725300
2026-03-03,477.1,483.5,472.5,481.4,6348700
2026-03-04,481.0,489.2,479.9,487.5,4369100
2026-03-05,493.8,500.9,492.5,500.4,8963400
2026-03-06,499.2,500.7,491.9,499.0,5564400
2026-03-09,494.9,498.8,490.2,497.2,5833600
2026-03-10,495.1,498.7,492.3,494.1,3598700
2026-03-11,493.1,493.8,489.2,493.6,3845700
2026-03-12,492.4,493.4,489.0,491.9,4170900
2026-03-13,493.3,494.5,489.8,490.0,3565700
2026-03-16,492.8,496.6,491.1,492.2,3752000
2026-03-17,494.8,497.0,491.4,492.6,4424900
2026-03-18,491.1,491.4,483.8,484.5,4356400
2026-03-19,483.9,484.2,478.8,481.5,4045600
2026-03-20,481.6,485.1,479.7,480.9,7786400
2026-03-23,483.5,486.0,479.0,480.0,4958000
2026-03-24,478.0,483.5,477.5,479.3,3434400
2026-03-25,482.6,483.2,475.7,476.2,4402000
2026-03-26,476.4,478.4,474.5,475.3,3774600
2026-03-27,474.2,474.8,467.2,468.5,5382300
2026-03-30,470.7,477.7,470.6,474.7,4590900
2026-03-31,477.8,479.8,474.8,479.2,4725300
2026-04-01,479.0,481.1,477.2,478.5,3600800
2026-04-02,477.8,479.8,475.7,477.4,2972800
2026-04-06,475.7,479.5,475.4,476.4,3663500
2026-04-07,475.7,479.8,474.3,478.1,3206500
2026-04-08,483.8,483.8,477.7,479.8,4655100
2026-04-09,478.2,488.0,477.3,485.2,3518500
2026-04-10,484.0,484.9,478.9,479.9,3758900
2026-04-13,478.9,481.1,477.4,480.2,3612400
2026-04-14,479.8,480.5,476.0,477.5,4864000
2026-04-15,478.0,478.8,473.7,474.1,6993900
2026-04-16,474.0,476.3,464.0,475.1,4534000
2026-04-17,475.5,479.7,474.1,474.6,6492900
2026-04-20,474.4,476.0,471.4,472.1,5147000
2026-04-21,472.5,474.2,468.1,468.5,5919000
2026-04-22,468.9,471.0,464.6,465.4,5720500
2026-04-23,466.7,473.0,466.7,470.5,4749100
2026-04-24,468.8,470.3,466.6,469.3,3857000
2026-04-27,469.8,475.5,469.4,472.8,4888000
2026-04-28,476.8,479.8,475.7,478.2,4902400
2026-04-29,476.5,478.0,474.5,475.4,3175600
2026-04-30,473.5,477.5,470.9,473.6,5109300
2026-05-01,475.1,479.1,473.0,473.0,4818300
2026-05-04,473.0,479.9,465.8,468.5,6895400
2026-05-05,468.5,469.7,464.3,465.5,5372700
2026-05-06,466.0,470.6,465.6,469.8,5698900
2026-05-07,469.3,477.2,469.0,475.1,5899500
2026-05-08,474.9,478.9,474.5,475.9,5225600
2026-05-11,476.4,480.4,475.9,479.5,4290700
2026-05-12,481.7,489.4,478.9,485.0,5622300
2026-05-13,482.5,487.1,480.8,485.5,4432500
2026-05-14,487.1,487.1,481.5,484.1,3375100
2026-05-15,486.7,488.3,481.8,482.7,4680300
2026-05-18,481.1,489.4,481.0,488.4,5030700
2026-05-19,487.0,488.1,480.1,480.5,5599900
2026-05-20,482.0,482.7,477.6,480.9,4647500
2026-05-21,480.0,480.5,475.5,480.0,3294000
2026-05-22,479.6,487.2,479.5,486.4,4338200
2026-05-26,485.5,487.8,483.2,483.6,4348600
2026-05-27,482.7,486.2,479.0,479.9,4152500
2026-05-28,479.4,481.8,477.0,477.4,4120000
2026-05-29,476.9,477.3,472.3,474.5,7902300
2026-06-01,473.0,473.4,468.0,470.3,6203600
2026-06-02,470.0,473.9,468.2,471.5,4704700
2026-06-03,470.9,480.6,470.4,475.4,6586300
2026-06-04,481.6,482.9,474.6,478.6,5276000
2026-06-05,481.0,491.0,479.4,488.1,8475800
2026-06-08,486.1,490.8,484.9,487.0,5188400
2026-06-09,486.4,490.8,484.6,487.8,4912200
2026-06-10,488.1,490.3,483.1,483.7,5062700
2026-06-11,482.9,486.5,481.1,485.8,5664300
2026-06-12,486.7,490.0,484.5,489.2,4591300
2026-06-15,487.6,497.1,487.6,495.5,6253600
2026-06-16,497.0,499.8,492.4,495.0,4345900
2026-06-17,493.2,494.8,487.9,491.3,5412000
2026-06-18,492.8,493.6,485.8,489.5,8882300
2026-06-22,488.8,492.5,487.4,488.7,6076300
2026-06-23,490.9,494.3,490.0,492.8,4428100
2026-06-24,493.0,498.5,491.5,494.8,4707800
2026-06-25,493.1,496.0,486.5,487.8,7054100
2026-06-26,490.2,498.7,489.3,498.7,7250800
2026-06-29,497.8,500.0,495.0,496.0,5200700
2026-06-30,496.5,500.6,494.8,500.4,5910500
2026-07-01,501.8,503.8,499.1,499.7,4101300
2026-07-02,502.2,507.9,500.3,507.8,4386500
2026-07-06,506.5,508.0,504.1,506.6,4126100
2026-07-07,509.0,512.6,503.8,504.0,3761400
2026-07-08,504.6,504.9,494.3,494.8,4429600
2026-07-09,494.6,497.9,493.2,495.5,3393300
2026-07-10,496.1,497.3,490.7,493.7,2736900
2026-07-13,495.9,501.5,493.8,496.9,3228900
2026-07-14,494.0,497.1,491.0,491.1,4110200
2026-07-15,490.1,492.8,487.6,488.4,5134500
2026-07-16,489.9,493.1,486.2,493.1,4195000
2026-07-17,495.5,503.0,490.5,490.9,5591300
2026-07-20,490.5,492.2,488.9,491.2,3426600
2026-07-21,489.0,491.2,487.4,489.6,4473100
